{"cameraMode":{"drawMode":0,"name":"Shaded","section":"Shading Mode"},"sceneLighting":false,"audioPlay":false,"sceneViewState":{"m_AlwaysRefresh":false,"showFog":false,"showSkybox":false,"showFlares":false,"showImageEffects":false,"showParticleSystems":false,"showVisualEffectGraphs":true,"m_FxEnabled":true},"in2DMode":false,"pivot":{"x":0.31955426931381228,"y":0.2902528643608093,"z":-0.005283236503601074},"rotation":{"x":0.21771112084388734,"y":0.03414217010140419,"z":-0.008282852359116078,"w":0.9755412936210632},"size":0.9727782011032105,"orthographic":false}