{"cameraMode":{"drawMode":0,"name":"Shaded","section":"Shading Mode"},"sceneLighting":false,"audioPlay":false,"sceneViewState":{"m_AlwaysRefresh":false,"showFog":false,"showSkybox":false,"showFlares":false,"showImageEffects":false,"showParticleSystems":false,"showVisualEffectGraphs":true,"m_FxEnabled":true},"in2DMode":false,"pivot":{"x":0.6688790321350098,"y":2.333963394165039,"z":-0.9437382221221924},"rotation":{"x":0.15035435557365418,"y":-0.017393242567777635,"z":0.0018528724322095514,"w":0.9887082576751709},"size":7.212721347808838,"orthographic":false}