{"cameraMode":{"drawMode":0,"name":"Shaded","section":"Shading Mode"},"sceneLighting":true,"audioPlay":false,"sceneViewState":{"showFog":false,"showMaterialUpdate":false,"showSkybox":false,"showFlares":false,"showImageEffects":false,"showParticleSystems":false},"in2DMode":false,"pivot":{"x":422.5476379394531,"y":227.96141052246095,"z":-833.357666015625},"rotation":{"x":0.12741272151470185,"y":-0.7815976142883301,"z":0.16977930068969727,"w":0.5865588188171387},"size":-5.707252025604248,"orthographic":false}